index,expert,ref,property_url,image_url
2,Candice,lcvap130009788,https://www.immobiliere-pujol.fr/annonces/lcvap130009788-13004-marseille-france/,"https://www.immobiliere-pujol.fr/cdn-cgi/image/width=480,quality=75,format=auto,onerror=redirect/https://pub-ffb425c962e94d71bef4d2fbce95daee.r2.dev/2026/03/photo_79f2e5a038af6e5ba060ce9634eba3c1-55.jpg"
4,Candice,lcvap130009718,https://www.immobiliere-pujol.fr/annonces/lcvap130009718-13009-marseille-france-8/,"https://www.immobiliere-pujol.fr/cdn-cgi/image/width=480,quality=75,format=auto,onerror=redirect/https://pub-ffb425c962e94d71bef4d2fbce95daee.r2.dev/2026/02/photo_da6204549dfb0a9153b07b5f5fc3f36b-2.jpg"
5,Candice,lcvap130009759,https://www.immobiliere-pujol.fr/annonces/lcvap130009759-13009-marseille-france/,"https://www.immobiliere-pujol.fr/cdn-cgi/image/width=480,quality=75,format=auto,onerror=redirect/https://pub-ffb425c962e94d71bef4d2fbce95daee.r2.dev/2026/01/photo_cb6a1f5d798d1d1e83285f5013a7c627-188.jpg"
6,Candice,lcvap130009757,https://www.immobiliere-pujol.fr/annonces/lcvap130009757-13004-marseille-france/,"https://www.immobiliere-pujol.fr/cdn-cgi/image/width=480,quality=75,format=auto,onerror=redirect/https://pub-ffb425c962e94d71bef4d2fbce95daee.r2.dev/2026/01/photo_8cc4349461189381a9e0f6aec708d51a-214.png"
8,Candice,lcvap130009704,https://www.immobiliere-pujol.fr/annonces/lcvap130009704-13009-marseille-france/,"https://www.immobiliere-pujol.fr/cdn-cgi/image/width=480,quality=75,format=auto,onerror=redirect/https://pub-ffb425c962e94d71bef4d2fbce95daee.r2.dev/2025/10/photo_16b6d496a01c055806fb4764c2ec6ac4-24.jpg"
9,Candice,lcvap130009701,https://www.immobiliere-pujol.fr/annonces/lcvap130009701-13004-marseille-france/,"https://www.immobiliere-pujol.fr/cdn-cgi/image/width=480,quality=75,format=auto,onerror=redirect/https://pub-ffb425c962e94d71bef4d2fbce95daee.r2.dev/2025/10/photo_d11c33828a09449553a4655cf46bb1b7-4.png"
10,Candice,lcvap130009692,https://www.immobiliere-pujol.fr/annonces/lcvap130009692-13006-marseille-france/,"https://www.immobiliere-pujol.fr/cdn-cgi/image/width=480,quality=75,format=auto,onerror=redirect/https://pub-ffb425c962e94d71bef4d2fbce95daee.r2.dev/2025/09/photo_4b2c9539bd60a8efcfa781dcc8c68c4e-2.jpg"
11,Candice,lcvap130009689,https://www.immobiliere-pujol.fr/annonces/lcvap130009689-13004-marseille-france/,"https://www.immobiliere-pujol.fr/cdn-cgi/image/width=480,quality=75,format=auto,onerror=redirect/https://pub-ffb425c962e94d71bef4d2fbce95daee.r2.dev/2025/09/photo_2ed4fbf2577f069df8d9d323bb9314ee-292.jpg"
12,Candice,lcvap130009693,https://www.immobiliere-pujol.fr/annonces/lcvap130009693-13004-marseille-france/,"https://www.immobiliere-pujol.fr/cdn-cgi/image/width=480,quality=75,format=auto,onerror=redirect/https://pub-ffb425c962e94d71bef4d2fbce95daee.r2.dev/2025/09/photo_264878d8e594a896755a660420837aa6-2.jpg"
13,Candice,lcvap130009685,https://www.immobiliere-pujol.fr/annonces/lcvap130009685-13007-marseille-france/,"https://www.immobiliere-pujol.fr/cdn-cgi/image/width=480,quality=75,format=auto,onerror=redirect/https://pub-ffb425c962e94d71bef4d2fbce95daee.r2.dev/2025/08/photo_13472aa1dba2a62742fbcc96405d99c2-6.jpg"
14,Candice,lcvap130009666,https://www.immobiliere-pujol.fr/annonces/lcvap130009666-13004-marseille-france/,"https://www.immobiliere-pujol.fr/cdn-cgi/image/width=480,quality=75,format=auto,onerror=redirect/https://pub-ffb425c962e94d71bef4d2fbce95daee.r2.dev/2025/08/photo_c20fd07d24793383eeaa668128ba3526-162.jpg"
15,Candice,lcvap130009662,https://www.immobiliere-pujol.fr/annonces/lcvap130009662-13002-marseille-france/,"https://www.immobiliere-pujol.fr/cdn-cgi/image/width=480,quality=75,format=auto,onerror=redirect/https://pub-ffb425c962e94d71bef4d2fbce95daee.r2.dev/2025/07/photo_ba30a33f588b903f02b0af78b81cb32a-6.jpg"
16,Candice,lcvap130009638,https://www.immobiliere-pujol.fr/annonces/lcvap130009638-13009-marseille-france/,"https://www.immobiliere-pujol.fr/cdn-cgi/image/width=480,quality=75,format=auto,onerror=redirect/https://pub-ffb425c962e94d71bef4d2fbce95daee.r2.dev/2025/06/photo_9957e9f8137ad0e36624767a51cee4f8-200.png"
17,Candice,lcvap130009622,https://www.immobiliere-pujol.fr/annonces/lcvap130009622-13001-marseille-france/,"https://www.immobiliere-pujol.fr/cdn-cgi/image/width=480,quality=75,format=auto,onerror=redirect/https://pub-ffb425c962e94d71bef4d2fbce95daee.r2.dev/2025/06/photo_d7861835852e66a5f3b1e5b99ff2f9af-248.png"
18,Candice,lcvap130009628,https://www.immobiliere-pujol.fr/annonces/lcvap130009628-13009-marseille-france/,"https://www.immobiliere-pujol.fr/cdn-cgi/image/width=480,quality=75,format=auto,onerror=redirect/https://pub-ffb425c962e94d71bef4d2fbce95daee.r2.dev/2025/06/photo_0a7d5717464db9468c973dd24058f6c0-2.jpg"
19,Candice,lcvap130009629,https://www.immobiliere-pujol.fr/annonces/lcvap130009629-13009-marseille-france/,"https://www.immobiliere-pujol.fr/cdn-cgi/image/width=480,quality=75,format=auto,onerror=redirect/https://pub-ffb425c962e94d71bef4d2fbce95daee.r2.dev/2025/05/photo_62a330884229cde0119b86acdcbaa493-2.jpg"
20,Candice,lcvap130009484,https://www.immobiliere-pujol.fr/annonces/lcvap130009484-13009-marseille-france/,"https://www.immobiliere-pujol.fr/cdn-cgi/image/width=480,quality=75,format=auto,onerror=redirect/https://pub-ffb425c962e94d71bef4d2fbce95daee.r2.dev/2025/04/photo_cd59bfa468a4a907723c4e152f06c938-112.jpg"
21,Candice,mbvap20009478,https://www.immobiliere-pujol.fr/annonces/mbvap20009478-13001-marseille-france/,"https://www.immobiliere-pujol.fr/cdn-cgi/image/width=480,quality=75,format=auto,onerror=redirect/https://pub-ffb425c962e94d71bef4d2fbce95daee.r2.dev/2025/04/photo_b8dd4c744c4ff51e0fe39c8f134ecc23-16.jpg"
22,Candice,spvap80009402,https://www.immobiliere-pujol.fr/annonces/spvap80009402-13009-marseille-france/,"https://www.immobiliere-pujol.fr/cdn-cgi/image/width=480,quality=75,format=auto,onerror=redirect/https://pub-ffb425c962e94d71bef4d2fbce95daee.r2.dev/2024/10/photo_991234c7d97437a91087647841b5c309-70.jpg"
24,Candice,spvap80009304,https://www.immobiliere-pujol.fr/annonces/spvap80009304-marseille-france/,"https://www.immobiliere-pujol.fr/cdn-cgi/image/width=480,quality=75,format=auto,onerror=redirect/https://pub-ffb425c962e94d71bef4d2fbce95daee.r2.dev/2024/03/photo_7eb6e50556206125c09954abf82345c8-20.jpg"
40,Candice,mbvap160009717,https://www.immobiliere-pujol.fr/annonces/mbvap160009717-13005-marseille-france/,"https://www.immobiliere-pujol.fr/cdn-cgi/image/width=480,quality=75,format=auto,onerror=redirect/https://pub-ffb425c962e94d71bef4d2fbce95daee.r2.dev/2025/10/photo_f6c5d1a7b11e272b8009ffbb9856be5c-2.jpg"
41,Candice,lcvap130009688,https://www.immobiliere-pujol.fr/annonces/lcvap130009688-13009-marseille-france/,"https://www.immobiliere-pujol.fr/cdn-cgi/image/width=480,quality=75,format=auto,onerror=redirect/https://pub-ffb425c962e94d71bef4d2fbce95daee.r2.dev/2025/09/photo_c8645ac0f45dbeaacaa489da077aa03d-2.jpg"
48,Benoit,mbvap20009686,https://www.immobiliere-pujol.fr/annonces/mbvap20009686-13005-marseille-france-2/,"https://www.immobiliere-pujol.fr/cdn-cgi/image/width=480,quality=75,format=auto,onerror=redirect/https://pub-ffb425c962e94d71bef4d2fbce95daee.r2.dev/2026/02/photo_ce6973fd2c9d287a0daff45846ade6bf-2.jpg"
50,Benoit,mbvap160009772,https://www.immobiliere-pujol.fr/annonces/mbvap160009772-13006-marseille-france/,"https://www.immobiliere-pujol.fr/cdn-cgi/image/width=480,quality=75,format=auto,onerror=redirect/https://pub-ffb425c962e94d71bef4d2fbce95daee.r2.dev/2026/02/photo_daf698d5d66656a8612359baf8dcb051-6.png"
51,Benoit,mbvap160009767,https://www.immobiliere-pujol.fr/annonces/mbvap160009767-13005-marseille-france/,"https://www.immobiliere-pujol.fr/cdn-cgi/image/width=480,quality=75,format=auto,onerror=redirect/https://pub-ffb425c962e94d71bef4d2fbce95daee.r2.dev/2026/01/photo_eb4f55f1d032f5f3918a36e4e9af410a-34.jpg"
52,Benoit,mbvap160009750,https://www.immobiliere-pujol.fr/annonces/mbvap160009750-13005-marseille-france/,"https://www.immobiliere-pujol.fr/cdn-cgi/image/width=480,quality=75,format=auto,onerror=redirect/https://pub-ffb425c962e94d71bef4d2fbce95daee.r2.dev/2025/12/photo_6c6cb2cc57b7836f7c92ccf981ac78a5-216.png"
53,Benoit,mbvap160009737,https://www.immobiliere-pujol.fr/annonces/mbvap160009737-13005-marseille-france/,"https://www.immobiliere-pujol.fr/cdn-cgi/image/width=480,quality=75,format=auto,onerror=redirect/https://pub-ffb425c962e94d71bef4d2fbce95daee.r2.dev/2025/11/photo_dac814a9ee0218b954c22538dd549029-2.jpg"
54,Benoit,mbvap160009727,https://www.immobiliere-pujol.fr/annonces/mbvap160009727-13006-marseille-france/,"https://www.immobiliere-pujol.fr/cdn-cgi/image/width=480,quality=75,format=auto,onerror=redirect/https://pub-ffb425c962e94d71bef4d2fbce95daee.r2.dev/2025/10/photo_55d8ed37ad4254d485cf046b6d2b900e-214.png"
56,Benoit,mbvap20009703,https://www.immobiliere-pujol.fr/annonces/mbvap20009703-13002-marseille-france/,"https://www.immobiliere-pujol.fr/cdn-cgi/image/width=480,quality=75,format=auto,onerror=redirect/https://pub-ffb425c962e94d71bef4d2fbce95daee.r2.dev/2025/10/photo_c04c1de95b35b27404a19607bfc9004d-292.jpg"
57,Benoit,lcvap130009684,https://www.immobiliere-pujol.fr/annonces/lcvap130009684-13006-marseille-france/,"https://www.immobiliere-pujol.fr/cdn-cgi/image/width=480,quality=75,format=auto,onerror=redirect/https://pub-ffb425c962e94d71bef4d2fbce95daee.r2.dev/2025/08/photo_64cd46dde777bd17744e3e8d6bf0488c-2.jpg"
58,Benoit,mbvap20009663,https://www.immobiliere-pujol.fr/annonces/mbvap20009663-13006-marseille-france/,"https://www.immobiliere-pujol.fr/cdn-cgi/image/width=480,quality=75,format=auto,onerror=redirect/https://pub-ffb425c962e94d71bef4d2fbce95daee.r2.dev/2025/07/photo_bd51f3b7174ef52a6b70d6690ecef88a-6.jpg"
60,Benoit,mbvap20009657,https://www.immobiliere-pujol.fr/annonces/mbvap20009657-13005-marseille-france/,"https://www.immobiliere-pujol.fr/cdn-cgi/image/width=480,quality=75,format=auto,onerror=redirect/https://pub-ffb425c962e94d71bef4d2fbce95daee.r2.dev/2025/07/photo_f3ae07be497fce29ade734b132204b21-2.jpg"
61,Benoit,mbvap20009656,https://www.immobiliere-pujol.fr/annonces/mbvap20009656-13006-marseille-france/,"https://www.immobiliere-pujol.fr/cdn-cgi/image/width=480,quality=75,format=auto,onerror=redirect/https://pub-ffb425c962e94d71bef4d2fbce95daee.r2.dev/2025/07/photo_9dddadb2e8d41c3f668803197a87a666-6.jpg"
62,Benoit,mbvap20009644,https://www.immobiliere-pujol.fr/annonces/mbvap20009644-13012-marseille-france/,"https://www.immobiliere-pujol.fr/cdn-cgi/image/width=480,quality=75,format=auto,onerror=redirect/https://pub-ffb425c962e94d71bef4d2fbce95daee.r2.dev/2025/06/photo_6d763622fa1708bd1be51d239e38b121-188.png"
63,Benoit,mbvap20009620,https://www.immobiliere-pujol.fr/annonces/mbvap20009620-13005-marseille-france/,"https://www.immobiliere-pujol.fr/cdn-cgi/image/width=480,quality=75,format=auto,onerror=redirect/https://pub-ffb425c962e94d71bef4d2fbce95daee.r2.dev/2025/05/photo_27aaaf6f4e80f8bbbfb6a9337e0ff723-266.png"
64,Benoit,mbvap20009614,https://www.immobiliere-pujol.fr/annonces/mbvap20009614-13006-marseille-france/,"https://www.immobiliere-pujol.fr/cdn-cgi/image/width=480,quality=75,format=auto,onerror=redirect/https://pub-ffb425c962e94d71bef4d2fbce95daee.r2.dev/2025/05/photo_a24004bf3b966995de63fe5913697fcc-265.png"
65,Benoit,mbvap20009486,https://www.immobiliere-pujol.fr/annonces/mbvap20009486-13005-marseille-france/,"https://www.immobiliere-pujol.fr/cdn-cgi/image/width=480,quality=75,format=auto,onerror=redirect/https://pub-ffb425c962e94d71bef4d2fbce95daee.r2.dev/2025/04/photo_6e18de1740d351caaacc511cf03bbde3-44.jpg"
66,Benoit,mbvma20009481,https://www.immobiliere-pujol.fr/annonces/mbvma20009481-13013-marseille-france/,"https://www.immobiliere-pujol.fr/cdn-cgi/image/width=480,quality=75,format=auto,onerror=redirect/https://pub-ffb425c962e94d71bef4d2fbce95daee.r2.dev/2025/04/photo_805a0bb4d7023228c36856909beed079-92.png"
67,Benoit,mbvap20009477,https://www.immobiliere-pujol.fr/annonces/mbvap20009477-13012-marseille-france/,"https://www.immobiliere-pujol.fr/cdn-cgi/image/width=480,quality=75,format=auto,onerror=redirect/https://pub-ffb425c962e94d71bef4d2fbce95daee.r2.dev/2025/04/photo_4b22fbccadbf6d936e997ff3cc9c2329-238.jpg"
68,Benoit,mbvap20009474,https://www.immobiliere-pujol.fr/annonces/mbvap20009474-13011-marseille-france/,"https://www.immobiliere-pujol.fr/cdn-cgi/image/width=480,quality=75,format=auto,onerror=redirect/https://pub-ffb425c962e94d71bef4d2fbce95daee.r2.dev/2025/03/photo_5ffdd39d7a710da3f47a35c64a7efde9-70.jpg"
69,Benoit,mbvap20009467,https://www.immobiliere-pujol.fr/annonces/mbvap20009467-13001-marseille-france/,"https://www.immobiliere-pujol.fr/cdn-cgi/image/width=480,quality=75,format=auto,onerror=redirect/https://pub-ffb425c962e94d71bef4d2fbce95daee.r2.dev/2025/03/photo_92a6775f2197d0586e01692c1237a727-2.jpg"
70,Benoit,mbvap20009465,https://www.immobiliere-pujol.fr/annonces/mbvap20009465-13012-marseille-france/,"https://www.immobiliere-pujol.fr/cdn-cgi/image/width=480,quality=75,format=auto,onerror=redirect/https://pub-ffb425c962e94d71bef4d2fbce95daee.r2.dev/2025/03/photo_9a13c3c7e7a95c01e18dafefc510d24f-266.jpg"
71,Benoit,mbvap20009464,https://www.immobiliere-pujol.fr/annonces/mbvap20009464-13013-marseille-france/,"https://www.immobiliere-pujol.fr/cdn-cgi/image/width=480,quality=75,format=auto,onerror=redirect/https://pub-ffb425c962e94d71bef4d2fbce95daee.r2.dev/2025/02/photo_0f42dd9a006791d26206bccbcdc032a9-2.jpg"
72,Benoit,spvap80009457,https://www.immobiliere-pujol.fr/annonces/spvap80009457-13006-marseille-france/,"https://www.immobiliere-pujol.fr/cdn-cgi/image/width=480,quality=75,format=auto,onerror=redirect/https://pub-ffb425c962e94d71bef4d2fbce95daee.r2.dev/2025/02/photo_3bf84b41b3671004c4ad03bae7c140d4-109.png"
73,Benoit,mbvap20009451,https://www.immobiliere-pujol.fr/annonces/mbvap20009451-13013-marseille-france/,"https://www.immobiliere-pujol.fr/cdn-cgi/image/width=480,quality=75,format=auto,onerror=redirect/https://pub-ffb425c962e94d71bef4d2fbce95daee.r2.dev/2025/01/photo_73ad0db726b29de9c2d7ee9ad5760b79-322.jpg"
74,Benoit,mbvap20009437,https://www.immobiliere-pujol.fr/annonces/mbvap20009437-13004-marseille-france/,"https://www.immobiliere-pujol.fr/cdn-cgi/image/width=480,quality=75,format=auto,onerror=redirect/https://pub-ffb425c962e94d71bef4d2fbce95daee.r2.dev/2024/12/photo_85a40ac5a70aab27bf463ead63ae9754-410.jpg"
75,Benoit,mbvap20009435,https://www.immobiliere-pujol.fr/annonces/mbvap20009435-13005-marseille-france/,"https://www.immobiliere-pujol.fr/cdn-cgi/image/width=480,quality=75,format=auto,onerror=redirect/https://pub-ffb425c962e94d71bef4d2fbce95daee.r2.dev/2024/12/photo_81bd368c19d4e147d25bb201f68a36e8-51.png"
76,Benoit,mbvap20009430,https://www.immobiliere-pujol.fr/annonces/mbvap20009430-13005-marseille-france/,"https://www.immobiliere-pujol.fr/cdn-cgi/image/width=480,quality=75,format=auto,onerror=redirect/https://pub-ffb425c962e94d71bef4d2fbce95daee.r2.dev/2024/11/photo_65c61ad9356f961d4e96447c47499e0f-435.jpg"
77,Benoit,mbvap20009421,https://www.immobiliere-pujol.fr/annonces/mbvap20009421-13013-marseille-france/,"https://www.immobiliere-pujol.fr/cdn-cgi/image/width=480,quality=75,format=auto,onerror=redirect/https://pub-ffb425c962e94d71bef4d2fbce95daee.r2.dev/2024/11/photo_2299bdf24bbe9dd5996ddc41b656bf58-424.jpg"
78,Benoit,spvap80009417,https://www.immobiliere-pujol.fr/annonces/spvap80009417-13005-marseille-france/,"https://www.immobiliere-pujol.fr/cdn-cgi/image/width=480,quality=75,format=auto,onerror=redirect/https://pub-ffb425c962e94d71bef4d2fbce95daee.r2.dev/2024/11/photo_bc48d3b08f5e1c83803c55ba227f3fea-38.png"
79,Benoit,mbvap20009414,https://www.immobiliere-pujol.fr/annonces/mbvap20009414-13013-marseille-france/,"https://www.immobiliere-pujol.fr/cdn-cgi/image/width=480,quality=75,format=auto,onerror=redirect/https://pub-ffb425c962e94d71bef4d2fbce95daee.r2.dev/2024/11/photo_f8228e23577548244e49c121a7797be3-182.png"
80,Benoit,mbvap20009405,https://www.immobiliere-pujol.fr/annonces/mbvap20009405-13013-marseille-france/,"https://www.immobiliere-pujol.fr/cdn-cgi/image/width=480,quality=75,format=auto,onerror=redirect/https://pub-ffb425c962e94d71bef4d2fbce95daee.r2.dev/2024/10/photo_99b3e27f0c4f9e6f10f027b8da947d5e-28.jpg"
81,Benoit,mbvap20009400,https://www.immobiliere-pujol.fr/annonces/mbvap20009400-13005-marseille-france/,"https://www.immobiliere-pujol.fr/cdn-cgi/image/width=480,quality=75,format=auto,onerror=redirect/https://pub-ffb425c962e94d71bef4d2fbce95daee.r2.dev/2024/10/photo_5b2ed7416e731d65d80d4393f328c8f0-76.png"
82,Benoit,pcvap50009392,https://www.immobiliere-pujol.fr/annonces/pcvap50009392-13006-marseille-france/,"https://www.immobiliere-pujol.fr/cdn-cgi/image/width=480,quality=75,format=auto,onerror=redirect/https://pub-ffb425c962e94d71bef4d2fbce95daee.r2.dev/2024/09/photo_ef0f8d55ae66b7ebe81f269258f4d873-37.jpg"
83,Benoit,mbvap20009391,https://www.immobiliere-pujol.fr/annonces/mbvap20009391-13013-marseille-france/,"https://www.immobiliere-pujol.fr/cdn-cgi/image/width=480,quality=75,format=auto,onerror=redirect/https://pub-ffb425c962e94d71bef4d2fbce95daee.r2.dev/2024/09/photo_dd7f1175bf4b349016819dd9f6ea4c1e-522.jpg"
85,Benoit,mbvap20009382,https://www.immobiliere-pujol.fr/annonces/mbvap20009382-13004-marseille-france/,"https://www.immobiliere-pujol.fr/cdn-cgi/image/width=480,quality=75,format=auto,onerror=redirect/https://pub-ffb425c962e94d71bef4d2fbce95daee.r2.dev/2024/08/photo_221c43b605b96cb30cbcc3ae31fbe764-69.jpg"
86,Benoit,mbvap20009381,https://www.immobiliere-pujol.fr/annonces/mbvap20009381-13009-marseille-france/,"https://www.immobiliere-pujol.fr/cdn-cgi/image/width=480,quality=75,format=auto,onerror=redirect/https://pub-ffb425c962e94d71bef4d2fbce95daee.r2.dev/2024/08/photo_41f1632e473d7baa8a7f6de96949c872-41.png"
87,Benoit,mbvap20009377,https://www.immobiliere-pujol.fr/annonces/mbvap20009377-13005-marseille-france/,"https://www.immobiliere-pujol.fr/cdn-cgi/image/width=480,quality=75,format=auto,onerror=redirect/https://pub-ffb425c962e94d71bef4d2fbce95daee.r2.dev/2024/07/photo_0252f13328c1946f05ab9c15f2c36a41-152.jpg"
89,Benoit,mbvap20009369,https://www.immobiliere-pujol.fr/annonces/mbvap20009369-13014-marseille-france/,"https://www.immobiliere-pujol.fr/cdn-cgi/image/width=480,quality=75,format=auto,onerror=redirect/https://pub-ffb425c962e94d71bef4d2fbce95daee.r2.dev/2024/07/photo_1c1563c16260fbc23cb2f1872f06130e-46.jpg"
90,Benoit,mbvap20009364,https://www.immobiliere-pujol.fr/annonces/mbvap20009364-13400-aubagne-france/,"https://www.immobiliere-pujol.fr/cdn-cgi/image/width=480,quality=75,format=auto,onerror=redirect/https://pub-ffb425c962e94d71bef4d2fbce95daee.r2.dev/2024/07/photo_d486467202276b69075c9b59c70863e5-62.jpg"
91,Benoit,mbvap20009351,https://www.immobiliere-pujol.fr/annonces/mbvap20009351-13003-marseille-france/,"https://www.immobiliere-pujol.fr/cdn-cgi/image/width=480,quality=75,format=auto,onerror=redirect/https://pub-ffb425c962e94d71bef4d2fbce95daee.r2.dev/2024/06/photo_ec733f079caaab42354ea3e2d908c476-44.jpg"
92,Benoit,mbvap20009349,https://www.immobiliere-pujol.fr/annonces/mbvap20009349-13005-marseille-france/,"https://www.immobiliere-pujol.fr/cdn-cgi/image/width=480,quality=75,format=auto,onerror=redirect/https://pub-ffb425c962e94d71bef4d2fbce95daee.r2.dev/2024/06/photo_70cb5c06f08c4e6a947d6705d73e1730-58.jpg"
94,Benoit,mbvap20009328,https://www.immobiliere-pujol.fr/annonces/mbvap20009328-13011-marseille-france/,"https://www.immobiliere-pujol.fr/cdn-cgi/image/width=480,quality=75,format=auto,onerror=redirect/https://pub-ffb425c962e94d71bef4d2fbce95daee.r2.dev/2024/04/photo_811aaea60ababc6cddfcb090926490a0-18.jpg"
95,Benoit,spvap80009325,https://www.immobiliere-pujol.fr/annonces/spvap80009325-13006-marseille-france/,"https://www.immobiliere-pujol.fr/cdn-cgi/image/width=480,quality=75,format=auto,onerror=redirect/https://pub-ffb425c962e94d71bef4d2fbce95daee.r2.dev/2024/04/photo_72e54a467af76efdc0128dac709a524f-83.jpg"
96,Benoit,spvap80009322,https://www.immobiliere-pujol.fr/annonces/spvap80009322-13005-marseille-france/,"https://www.immobiliere-pujol.fr/cdn-cgi/image/width=480,quality=75,format=auto,onerror=redirect/https://pub-ffb425c962e94d71bef4d2fbce95daee.r2.dev/2024/04/photo_ea836cf5ade33575e044d6113d5cc43f-86.png"
97,Benoit,mbvim20009320,https://www.immobiliere-pujol.fr/annonces/mbvim20009320-13015-marseille-france/,"https://www.immobiliere-pujol.fr/cdn-cgi/image/width=480,quality=75,format=auto,onerror=redirect/https://pub-ffb425c962e94d71bef4d2fbce95daee.r2.dev/2024/04/photo_045ce589413ad0d94a3c57927f8acdd5-100.jpg"
98,Benoit,spvap80009317,https://www.immobiliere-pujol.fr/annonces/spvap80009317-13006-marseille-france/,"https://www.immobiliere-pujol.fr/cdn-cgi/image/width=480,quality=75,format=auto,onerror=redirect/https://pub-ffb425c962e94d71bef4d2fbce95daee.r2.dev/2024/04/photo_3716fd2d9a9fe770c28a6e5506bdb987-44.jpg"
99,Benoit,mbvap20009315,https://www.immobiliere-pujol.fr/annonces/mbvap20009315-13001-marseille-france/,"https://www.immobiliere-pujol.fr/cdn-cgi/image/width=480,quality=75,format=auto,onerror=redirect/https://pub-ffb425c962e94d71bef4d2fbce95daee.r2.dev/2024/04/photo_91616542915b8ddad86b5a6fab7e4d9f-93.png"
100,Benoit,mbvap20009313,https://www.immobiliere-pujol.fr/annonces/mbvap20009313-13400-aubagne-france/,"https://www.immobiliere-pujol.fr/cdn-cgi/image/width=480,quality=75,format=auto,onerror=redirect/https://pub-ffb425c962e94d71bef4d2fbce95daee.r2.dev/2024/03/photo_aa8c77d290ad159d9a1c1ee72b9980be-14.jpg"
101,Benoit,mbvap20009310,https://www.immobiliere-pujol.fr/annonces/mbvap20009310-13004-marseille-france/,"https://www.immobiliere-pujol.fr/cdn-cgi/image/width=480,quality=75,format=auto,onerror=redirect/https://pub-ffb425c962e94d71bef4d2fbce95daee.r2.dev/2024/03/photo_60e85f76f25b2ce56270e7522d1c6922-40.jpg"
103,Benoit,mbvap20009298,https://www.immobiliere-pujol.fr/annonces/mbvap20009298-13004-marseille-france/,"https://www.immobiliere-pujol.fr/cdn-cgi/image/width=480,quality=75,format=auto,onerror=redirect/https://pub-ffb425c962e94d71bef4d2fbce95daee.r2.dev/2024/02/photo_caa5e3a5ce40ca74983c1d582e696c4c-52.jpg"
105,Benoit,mbvco20009293,https://www.immobiliere-pujol.fr/annonces/mbvco20009293-13004-marseille-france/,"https://www.immobiliere-pujol.fr/cdn-cgi/image/width=480,quality=75,format=auto,onerror=redirect/https://pub-ffb425c962e94d71bef4d2fbce95daee.r2.dev/2024/02/photo_78495a43381fcebc7c02e34dc650e6fa-99.jpg"
106,Benoit,mbvap20009286,https://www.immobiliere-pujol.fr/annonces/mbvap20009286-13011-marseille-france/,"https://www.immobiliere-pujol.fr/cdn-cgi/image/width=480,quality=75,format=auto,onerror=redirect/https://pub-ffb425c962e94d71bef4d2fbce95daee.r2.dev/2024/01/photo_d711c08ec26046481c59a6f8d04b1cfb-19.png"
107,Benoit,spvap80009283,https://www.immobiliere-pujol.fr/annonces/spvap80009283-marseille-france/,"https://www.immobiliere-pujol.fr/cdn-cgi/image/width=480,quality=75,format=auto,onerror=redirect/https://pub-ffb425c962e94d71bef4d2fbce95daee.r2.dev/2024/01/photo_9d2c5871112a37aafac2149fb6417588-67.jpg"
108,Benoit,mbvap20009285,https://www.immobiliere-pujol.fr/annonces/mbvap20009285-13013-chateau-gombert-france/,"https://www.immobiliere-pujol.fr/cdn-cgi/image/width=480,quality=75,format=auto,onerror=redirect/https://pub-ffb425c962e94d71bef4d2fbce95daee.r2.dev/2024/01/photo_24df61b3cd659c0406d78ce394cd33a9-18.jpg"
109,Benoit,mbvma20009274,https://www.immobiliere-pujol.fr/annonces/mbvma20009274-13012-marseille-france/,"https://www.immobiliere-pujol.fr/cdn-cgi/image/width=480,quality=75,format=auto,onerror=redirect/https://pub-ffb425c962e94d71bef4d2fbce95daee.r2.dev/2023/12/photo_b5a3f112afbfcf12de127dbe80fc415b-38.png"
110,Benoit,mbvap20009273,https://www.immobiliere-pujol.fr/annonces/mbvap20009273-13012-marseille-france/,"https://www.immobiliere-pujol.fr/cdn-cgi/image/width=480,quality=75,format=auto,onerror=redirect/https://pub-ffb425c962e94d71bef4d2fbce95daee.r2.dev/2023/12/photo_92008b1489fc85c1bb25e9ceec20d463-18.jpg"
111,Benoit,mbvst20009237,https://www.immobiliere-pujol.fr/annonces/mbvst20009237-13002-marseille-france/,"https://www.immobiliere-pujol.fr/cdn-cgi/image/width=480,quality=75,format=auto,onerror=redirect/https://pub-ffb425c962e94d71bef4d2fbce95daee.r2.dev/2023/11/photo_d0583f3e4a604461c25f949421a20f86-29.jpg"
112,Benoit,mbvap20009182,https://www.immobiliere-pujol.fr/annonces/mbvap20009182-13005-marseille-france/,"https://www.immobiliere-pujol.fr/cdn-cgi/image/width=480,quality=75,format=auto,onerror=redirect/https://pub-ffb425c962e94d71bef4d2fbce95daee.r2.dev/2023/11/photo_6cb336a8491564b3ea03d8b63543348c-35.jpg"
113,Benoit,mbvap20009041,https://www.immobiliere-pujol.fr/annonces/mbvap20009041-13003-marseille-france/,"https://www.immobiliere-pujol.fr/cdn-cgi/image/width=480,quality=75,format=auto,onerror=redirect/https://pub-ffb425c962e94d71bef4d2fbce95daee.r2.dev/2023/09/photo_0bbb4ffd4dcabc79afe14b878af69f70-18.jpg"
114,Benoit,mbvco20009038,https://www.immobiliere-pujol.fr/annonces/mbvco20009038-13008-marseille-france/,"https://www.immobiliere-pujol.fr/cdn-cgi/image/width=480,quality=75,format=auto,onerror=redirect/https://pub-ffb425c962e94d71bef4d2fbce95daee.r2.dev/2023/09/photo_78f472f15625e26f9d559e7e72f1c810-50.jpg"
115,Benoit,mbvap20009029,https://www.immobiliere-pujol.fr/annonces/mbvap20009029-13380-plan-de-cuques-france/,"https://www.immobiliere-pujol.fr/cdn-cgi/image/width=480,quality=75,format=auto,onerror=redirect/https://pub-ffb425c962e94d71bef4d2fbce95daee.r2.dev/2023/09/photo_89d0e7094bdc2850d0c2cd5c8e900daf-50.jpg"
116,Benoit,mbvap20008911,https://www.immobiliere-pujol.fr/annonces/mbvap20008911-13004-marseille-france/,"https://www.immobiliere-pujol.fr/cdn-cgi/image/width=480,quality=75,format=auto,onerror=redirect/https://pub-ffb425c962e94d71bef4d2fbce95daee.r2.dev/2023/08/photo_d1f12b0c31dc676af1dbe2704b18d9a6-43.jpg"
118,Benoit,spvap80008752,https://www.immobiliere-pujol.fr/annonces/spvap80008752-13006-marseille-france/,"https://www.immobiliere-pujol.fr/cdn-cgi/image/width=480,quality=75,format=auto,onerror=redirect/https://pub-ffb425c962e94d71bef4d2fbce95daee.r2.dev/2023/06/photo_cb36ac8962a9df93d6fc40dc3f35d10b-1.jpg"
119,Benoit,mbvap20008753,https://www.immobiliere-pujol.fr/annonces/mbvap20008753-13012-marseille-france/,"https://www.immobiliere-pujol.fr/cdn-cgi/image/width=480,quality=75,format=auto,onerror=redirect/https://pub-ffb425c962e94d71bef4d2fbce95daee.r2.dev/2023/06/photo_96f93cc64e701ca6199bc8d18eccf15a-97.jpg"
120,Benoit,mbvap20008717,https://www.immobiliere-pujol.fr/annonces/mbvap20008717-13001-marseille-france/,"https://www.immobiliere-pujol.fr/cdn-cgi/image/width=480,quality=75,format=auto,onerror=redirect/https://immopujol.staticlbi.com/wa/images/biens/1/fc0334feaa87af6c8244ef51dd62252d/photo_84e206c3017ae334327eea15e04f52e9.jpg"
122,Benoit,mbvap20008676,https://www.immobiliere-pujol.fr/annonces/mbvap20008676-13005-marseille-france/,"https://www.immobiliere-pujol.fr/cdn-cgi/image/width=480,quality=75,format=auto,onerror=redirect/https://pub-ffb425c962e94d71bef4d2fbce95daee.r2.dev/2023/06/photo_17e2a5572d90b76497b66d521662766b-25.jpg"
123,Benoit,mbvap20008620,https://www.immobiliere-pujol.fr/annonces/mbvap20008620-13001-marseille-france/,"https://www.immobiliere-pujol.fr/cdn-cgi/image/width=480,quality=75,format=auto,onerror=redirect/https://pub-ffb425c962e94d71bef4d2fbce95daee.r2.dev/2023/05/photo_cacd63502d1df4f5356001501c2d6e4c-7.jpg"
124,Benoit,mbvap20008580,https://www.immobiliere-pujol.fr/annonces/mbvap20008580-13012-marseille-france/,"https://www.immobiliere-pujol.fr/cdn-cgi/image/width=480,quality=75,format=auto,onerror=redirect/https://pub-ffb425c962e94d71bef4d2fbce95daee.r2.dev/2023/05/photo_a337a23535e7a7de390b1eb4e8a3ef7e-64.jpg"
126,Benoit,mbvap20008445,https://www.immobiliere-pujol.fr/annonces/mbvap20008445-13004-marseille-france/,"https://www.immobiliere-pujol.fr/cdn-cgi/image/width=480,quality=75,format=auto,onerror=redirect/https://pub-ffb425c962e94d71bef4d2fbce95daee.r2.dev/2023/04/photo_11f181e0e7b0daa2692b56837984c7ab-10.jpg"
127,Benoit,mbvap20008444,https://www.immobiliere-pujol.fr/annonces/mbvap20008444-13012-marseille-france/,"https://www.immobiliere-pujol.fr/cdn-cgi/image/width=480,quality=75,format=auto,onerror=redirect/https://pub-ffb425c962e94d71bef4d2fbce95daee.r2.dev/2023/04/photo_20579d66bad6a24b7e487ca60c67f1ff-7.jpg"
130,Benoit,mbvap20008301,https://www.immobiliere-pujol.fr/annonces/mbvap20008301-13013-marseille-france/,"https://www.immobiliere-pujol.fr/cdn-cgi/image/width=480,quality=75,format=auto,onerror=redirect/https://pub-ffb425c962e94d71bef4d2fbce95daee.r2.dev/2023/03/photo_8f0d683faadae8c09ab17847c05b1c57-30.jpg"
136,Benoit,mbvap20008220,https://www.immobiliere-pujol.fr/annonces/mbvap20008220-13004-marseille-france/,"https://www.immobiliere-pujol.fr/cdn-cgi/image/width=480,quality=75,format=auto,onerror=redirect/https://pub-ffb425c962e94d71bef4d2fbce95daee.r2.dev/2023/02/photo_68338ab51d9cd865cf203bf6bf4d4b9c-47.jpg"
142,Benoit,mbvma20007952,https://www.immobiliere-pujol.fr/annonces/mbvma20007952-13190-marseille-france/,"https://www.immobiliere-pujol.fr/cdn-cgi/image/width=480,quality=75,format=auto,onerror=redirect/https://pub-ffb425c962e94d71bef4d2fbce95daee.r2.dev/2022/11/photo_f3489bec94e50ba7f9364a98659747eb-42.jpg"
148,Benoit,mbvap20007862,https://www.immobiliere-pujol.fr/annonces/mbvap20007862-13004-marseille-france/,"https://www.immobiliere-pujol.fr/cdn-cgi/image/width=480,quality=75,format=auto,onerror=redirect/https://pub-ffb425c962e94d71bef4d2fbce95daee.r2.dev/2022/10/photo_e8a58c9ef69d2a75bf2ef9a8a8d3170b-67.jpg"
270,Benoit,spvst80009444,https://www.immobiliere-pujol.fr/annonces/spvst80009444-13005-marseille-france/,"https://www.immobiliere-pujol.fr/cdn-cgi/image/width=480,quality=75,format=auto,onerror=redirect/https://pub-ffb425c962e94d71bef4d2fbce95daee.r2.dev/2025/01/photo_509db221715ff9519d82ea947479e004-5.png"
271,Benoit,mbvga20009416,https://www.immobiliere-pujol.fr/annonces/mbvga20009416-13005-marseille-france/,"https://www.immobiliere-pujol.fr/cdn-cgi/image/width=480,quality=75,format=auto,onerror=redirect/https://pub-ffb425c962e94d71bef4d2fbce95daee.r2.dev/2024/11/photo_45a51d979a8ef7189e796bb610cedbec-108.jpg"
274,Benoit,mbvga20009359,https://www.immobiliere-pujol.fr/annonces/mbvga20009359-13012-marseille-france/,"https://www.immobiliere-pujol.fr/cdn-cgi/image/width=480,quality=75,format=auto,onerror=redirect/https://pub-ffb425c962e94d71bef4d2fbce95daee.r2.dev/2024/06/photo_116fa76f45fffeca247d3d4b529e679c-27.jpg"
275,Benoit,mbvst20009356,https://www.immobiliere-pujol.fr/annonces/mbvst20009356-13004-marseille-france/,"https://www.immobiliere-pujol.fr/cdn-cgi/image/width=480,quality=75,format=auto,onerror=redirect/https://pub-ffb425c962e94d71bef4d2fbce95daee.r2.dev/2024/06/photo_d4ca80b20652142f62fe1f2532116cb6-69.jpg"
277,Benoit,mbvap20009353,https://www.immobiliere-pujol.fr/annonces/mbvap20009353-13003-marseille-france/,"https://www.immobiliere-pujol.fr/cdn-cgi/image/width=480,quality=75,format=auto,onerror=redirect/https://pub-ffb425c962e94d71bef4d2fbce95daee.r2.dev/2024/06/photo_ed8c4b6d19060a5479a7398bec84423d-58.jpg"
279,Benoit,spvst80009340,https://www.immobiliere-pujol.fr/annonces/spvst80009340-13005-marseille-france/,"https://www.immobiliere-pujol.fr/cdn-cgi/image/width=480,quality=75,format=auto,onerror=redirect/https://pub-ffb425c962e94d71bef4d2fbce95daee.r2.dev/2024/06/photo_438592716446666458c1cdd0b7c25906-33.jpg"
281,Benoit,mbvap20009326,https://www.immobiliere-pujol.fr/annonces/mbvap20009326-13005-marseille-france/,"https://www.immobiliere-pujol.fr/cdn-cgi/image/width=480,quality=75,format=auto,onerror=redirect/https://pub-ffb425c962e94d71bef4d2fbce95daee.r2.dev/2024/04/photo_944a130acea15dec080bc873290dd8f5-46.png"
282,Benoit,mbvst20009312,https://www.immobiliere-pujol.fr/annonces/mbvst20009312-13004-marseille-france/,"https://www.immobiliere-pujol.fr/cdn-cgi/image/width=480,quality=75,format=auto,onerror=redirect/https://pub-ffb425c962e94d71bef4d2fbce95daee.r2.dev/2024/03/photo_7daa09a05f8105138e26679c6ea0f807-58.png"
283,Benoit,spvap80009296,https://www.immobiliere-pujol.fr/annonces/spvap80009296-13006-marseille-france/,"https://www.immobiliere-pujol.fr/cdn-cgi/image/width=480,quality=75,format=auto,onerror=redirect/https://pub-ffb425c962e94d71bef4d2fbce95daee.r2.dev/2024/02/photo_b4b2129fc6ce3624bfc4ce6390cbe6a0-39.png"
284,Benoit,mbvst20009291,https://www.immobiliere-pujol.fr/annonces/mbvst20009291-13005-marseille-france/,"https://www.immobiliere-pujol.fr/cdn-cgi/image/width=480,quality=75,format=auto,onerror=redirect/https://pub-ffb425c962e94d71bef4d2fbce95daee.r2.dev/2024/02/photo_db0445e79b9dda8100875c6295dd9c3b-38.png"
285,Benoit,mbvst20009275,https://www.immobiliere-pujol.fr/annonces/mbvst20009275-13013-marseille-france/,"https://www.immobiliere-pujol.fr/cdn-cgi/image/width=480,quality=75,format=auto,onerror=redirect/https://pub-ffb425c962e94d71bef4d2fbce95daee.r2.dev/2023/12/photo_acbf5df56cbb064e4ee67b008221010e-108.png"
286,Benoit,mbvst20009189,https://www.immobiliere-pujol.fr/annonces/mbvst20009189-13003-marseille-france/,"https://www.immobiliere-pujol.fr/cdn-cgi/image/width=480,quality=75,format=auto,onerror=redirect/https://pub-ffb425c962e94d71bef4d2fbce95daee.r2.dev/2023/11/photo_7a8462a9206b24b04b5cbaee168c6cb3-50.jpg"
290,Benoit,mbvst20008639,https://www.immobiliere-pujol.fr/annonces/mbvst20008639-13004-marseille-france/,"https://www.immobiliere-pujol.fr/cdn-cgi/image/width=480,quality=75,format=auto,onerror=redirect/https://pub-ffb425c962e94d71bef4d2fbce95daee.r2.dev/2023/05/photo_39296f6a87c8056cd68d2c23d93bd6da-7.jpg"
336,Julia,ljvap120009769,https://www.immobiliere-pujol.fr/annonces/ljvap120009769-13006-marseille-france/,"https://www.immobiliere-pujol.fr/cdn-cgi/image/width=480,quality=75,format=auto,onerror=redirect/https://pub-ffb425c962e94d71bef4d2fbce95daee.r2.dev/2026/02/photo_1a5c6227ab3adf4833f40b0a6af2ed0a-119.png"
337,Julia,ljvap120009716,https://www.immobiliere-pujol.fr/annonces/ljvap120009716-13010-marseille-france/,"https://www.immobiliere-pujol.fr/cdn-cgi/image/width=480,quality=75,format=auto,onerror=redirect/https://pub-ffb425c962e94d71bef4d2fbce95daee.r2.dev/2025/11/photo_46aeb195af8eacf9bd5d5519e196573b-258.png"
339,Julia,ljvco120009710,https://www.immobiliere-pujol.fr/annonces/ljvco120009710-13007-marseille-france/,"https://www.immobiliere-pujol.fr/cdn-cgi/image/width=480,quality=75,format=auto,onerror=redirect/https://pub-ffb425c962e94d71bef4d2fbce95daee.r2.dev/2025/10/photo_0366814390ba69e272f698531cd0aee4-406.jpg"
340,Julia,ljvap120009706,https://www.immobiliere-pujol.fr/annonces/ljvap120009706-13008-marseille-france/,"https://www.immobiliere-pujol.fr/cdn-cgi/image/width=480,quality=75,format=auto,onerror=redirect/https://pub-ffb425c962e94d71bef4d2fbce95daee.r2.dev/2025/10/photo_a00d8dc6cfc2261787b6c3b126fb3390-6.jpg"
344,Julia,ljvap120009679,https://www.immobiliere-pujol.fr/annonces/ljvap120009679-13008-marseille-france/,"https://www.immobiliere-pujol.fr/cdn-cgi/image/width=480,quality=75,format=auto,onerror=redirect/https://pub-ffb425c962e94d71bef4d2fbce95daee.r2.dev/2025/09/photo_14cc2c45f94d98920a0108e81e6642cd-13.jpg"
345,Julia,ljvap120009681,https://www.immobiliere-pujol.fr/annonces/ljvap120009681-13010-marseille-france/,"https://www.immobiliere-pujol.fr/cdn-cgi/image/width=480,quality=75,format=auto,onerror=redirect/https://pub-ffb425c962e94d71bef4d2fbce95daee.r2.dev/2025/08/photo_f5a866876c8846368c741fd8d0c318da-30.jpg"
346,Julia,ljvap120009642,https://www.immobiliere-pujol.fr/annonces/ljvap120009642-13008-marseille-france/,"https://www.immobiliere-pujol.fr/cdn-cgi/image/width=480,quality=75,format=auto,onerror=redirect/https://pub-ffb425c962e94d71bef4d2fbce95daee.r2.dev/2025/08/photo_3117e6772a448f0a8b8f57bb4cea88a5-4.jpg"
347,Julia,ljvap120009647,https://www.immobiliere-pujol.fr/annonces/ljvap120009647-13001-marseille-france/,"https://www.immobiliere-pujol.fr/cdn-cgi/image/width=480,quality=75,format=auto,onerror=redirect/https://pub-ffb425c962e94d71bef4d2fbce95daee.r2.dev/2025/08/photo_002fe772b2e473b7130117e598ae749b-24.jpg"
348,Julia,mbvap20009669,https://www.immobiliere-pujol.fr/annonces/mbvap20009669-13012-marseille-france/,"https://www.immobiliere-pujol.fr/cdn-cgi/image/width=480,quality=75,format=auto,onerror=redirect/https://pub-ffb425c962e94d71bef4d2fbce95daee.r2.dev/2025/07/photo_88379fa005f8d6b28de842b3e190b1c5-14.jpg"
349,Julia,ljvap120009631,https://www.immobiliere-pujol.fr/annonces/ljvap120009631-13010-marseille-france/,"https://www.immobiliere-pujol.fr/cdn-cgi/image/width=480,quality=75,format=auto,onerror=redirect/https://pub-ffb425c962e94d71bef4d2fbce95daee.r2.dev/2025/07/photo_a65a32445f86d57d43d0443946fd323f-24.jpg"
350,Julia,ljvap120009626,https://www.immobiliere-pujol.fr/annonces/ljvap120009626-13010-marseille-france/,"https://www.immobiliere-pujol.fr/cdn-cgi/image/width=480,quality=75,format=auto,onerror=redirect/https://pub-ffb425c962e94d71bef4d2fbce95daee.r2.dev/2025/06/photo_98721016f713b889b32c694f2bfe4434-44.jpg"
351,Julia,ljvap120009643,https://www.immobiliere-pujol.fr/annonces/ljvap120009643-13010-marseille-france/,"https://www.immobiliere-pujol.fr/cdn-cgi/image/width=480,quality=75,format=auto,onerror=redirect/https://pub-ffb425c962e94d71bef4d2fbce95daee.r2.dev/2025/06/photo_1305dbe5291538ea2f6590a9da3c7c6c-6.jpg"
352,Julia,ljvap120009637,https://www.immobiliere-pujol.fr/annonces/ljvap120009637-13010-marseille-france/,"https://www.immobiliere-pujol.fr/cdn-cgi/image/width=480,quality=75,format=auto,onerror=redirect/https://pub-ffb425c962e94d71bef4d2fbce95daee.r2.dev/2025/06/photo_252815f08035c80ca2a5a6a74da15d2f-30.jpg"
354,Julia,ljvap120009492,https://www.immobiliere-pujol.fr/annonces/ljvap120009492-13008-marseille-france/,"https://www.immobiliere-pujol.fr/cdn-cgi/image/width=480,quality=75,format=auto,onerror=redirect/https://pub-ffb425c962e94d71bef4d2fbce95daee.r2.dev/2025/05/photo_3b1ad990510f2126c6f82f76a8e4f1f0-2.jpg"
357,Julia,ljvap120009471,https://www.immobiliere-pujol.fr/annonces/ljvap120009471-13010-marseille-france/,"https://www.immobiliere-pujol.fr/cdn-cgi/image/width=480,quality=75,format=auto,onerror=redirect/https://pub-ffb425c962e94d71bef4d2fbce95daee.r2.dev/2025/04/photo_b19bad4ac349481960db6c00f0e7e4b2-266.png"
359,Julia,ljvap120009470,https://www.immobiliere-pujol.fr/annonces/ljvap120009470-13008-marseille-france/,"https://www.immobiliere-pujol.fr/cdn-cgi/image/width=480,quality=75,format=auto,onerror=redirect/https://pub-ffb425c962e94d71bef4d2fbce95daee.r2.dev/2025/04/photo_6c32c5430369cf28e8bb0ce95aa562f1-60.jpg"
360,Julia,ljvap120009458,https://www.immobiliere-pujol.fr/annonces/ljvap120009458-13010-marseille-france/,"https://www.immobiliere-pujol.fr/cdn-cgi/image/width=480,quality=75,format=auto,onerror=redirect/https://pub-ffb425c962e94d71bef4d2fbce95daee.r2.dev/2025/03/photo_78d05c653e049604c2e7e6740038e3be-2.jpg"
361,Julia,ljvap120009462,https://www.immobiliere-pujol.fr/annonces/ljvap120009462-13010-marseille-france/,"https://www.immobiliere-pujol.fr/cdn-cgi/image/width=480,quality=75,format=auto,onerror=redirect/https://pub-ffb425c962e94d71bef4d2fbce95daee.r2.dev/2025/02/photo_bae7ec3d97983b676643cf6c82fcb8fd-2.jpg"
362,Julia,ljvap120009456,https://www.immobiliere-pujol.fr/annonces/ljvap120009456-13008-marseille-france/,"https://www.immobiliere-pujol.fr/cdn-cgi/image/width=480,quality=75,format=auto,onerror=redirect/https://pub-ffb425c962e94d71bef4d2fbce95daee.r2.dev/2025/02/photo_3d1bd7a4458a134270aa7838017d490e-41.png"
363,Julia,ljvap120009455,https://www.immobiliere-pujol.fr/annonces/ljvap120009455-13008-marseille-france/,"https://www.immobiliere-pujol.fr/cdn-cgi/image/width=480,quality=75,format=auto,onerror=redirect/https://pub-ffb425c962e94d71bef4d2fbce95daee.r2.dev/2025/02/photo_dff4043cea065c1cee52f25719470f50-432.jpg"
364,Julia,spvap80009453,https://www.immobiliere-pujol.fr/annonces/spvap80009453-13010-marseille-france/,"https://www.immobiliere-pujol.fr/cdn-cgi/image/width=480,quality=75,format=auto,onerror=redirect/https://pub-ffb425c962e94d71bef4d2fbce95daee.r2.dev/2025/02/photo_357288f7c8c754dd08326daceb337d08-352.jpg"
365,Julia,spvap80009418,https://www.immobiliere-pujol.fr/annonces/spvap80009418-13010-marseille-france/,"https://www.immobiliere-pujol.fr/cdn-cgi/image/width=480,quality=75,format=auto,onerror=redirect/https://pub-ffb425c962e94d71bef4d2fbce95daee.r2.dev/2025/02/photo_a5ea930692b621279835225d9b410124-281.jpg"
366,Julia,ljvap120009449,https://www.immobiliere-pujol.fr/annonces/ljvap120009449-13008-marseille-france/,"https://www.immobiliere-pujol.fr/cdn-cgi/image/width=480,quality=75,format=auto,onerror=redirect/https://pub-ffb425c962e94d71bef4d2fbce95daee.r2.dev/2025/02/photo_a1f9ff30e94cc8237330fa4b64e7ec9f-98.jpg"
368,Julia,ljvap120009442,https://www.immobiliere-pujol.fr/annonces/ljvap120009442-13010-marseille-france/,"https://www.immobiliere-pujol.fr/cdn-cgi/image/width=480,quality=75,format=auto,onerror=redirect/https://pub-ffb425c962e94d71bef4d2fbce95daee.r2.dev/2025/01/photo_ff3cb461a8334bf701250ea1d07a2d4a-2.jpg"
369,Julia,ljvap120009423,https://www.immobiliere-pujol.fr/annonces/ljvap120009423-13010-marseille-france/,"https://www.immobiliere-pujol.fr/cdn-cgi/image/width=480,quality=75,format=auto,onerror=redirect/https://pub-ffb425c962e94d71bef4d2fbce95daee.r2.dev/2024/12/photo_845b14e6ea5a11f6d0eba87a5a8c4e6e-202.jpg"
370,Julia,ljvap120009425,https://www.immobiliere-pujol.fr/annonces/ljvap120009425-13010-marseille-france/,"https://www.immobiliere-pujol.fr/cdn-cgi/image/width=480,quality=75,format=auto,onerror=redirect/https://pub-ffb425c962e94d71bef4d2fbce95daee.r2.dev/2024/12/photo_7e8c0f2de70ab9fbf6a6635f39cd6aea-2.jpg"
371,Julia,ljvap120009422,https://www.immobiliere-pujol.fr/annonces/ljvap120009422-13010-marseille-france/,"https://www.immobiliere-pujol.fr/cdn-cgi/image/width=480,quality=75,format=auto,onerror=redirect/https://pub-ffb425c962e94d71bef4d2fbce95daee.r2.dev/2024/11/photo_8cd961d6f9ce5eadd187f503cb277f07-8.png"
372,Julia,ljvap120009408,https://www.immobiliere-pujol.fr/annonces/ljvap120009408-13008-marseille-france/,"https://www.immobiliere-pujol.fr/cdn-cgi/image/width=480,quality=75,format=auto,onerror=redirect/https://pub-ffb425c962e94d71bef4d2fbce95daee.r2.dev/2024/11/photo_c2dbfdee6b9bb23e93fbe0cf4b2d88c4-352.jpg"
373,Julia,ljvap120009368,https://www.immobiliere-pujol.fr/annonces/ljvap120009368-13008-marseille-france/,"https://www.immobiliere-pujol.fr/cdn-cgi/image/width=480,quality=75,format=auto,onerror=redirect/https://pub-ffb425c962e94d71bef4d2fbce95daee.r2.dev/2024/11/photo_383f158bcfcc8429adc76040de94c8cd-13.png"
374,Julia,spvap80009411,https://www.immobiliere-pujol.fr/annonces/spvap80009411-13007-marseille-france/,"https://www.immobiliere-pujol.fr/cdn-cgi/image/width=480,quality=75,format=auto,onerror=redirect/https://pub-ffb425c962e94d71bef4d2fbce95daee.r2.dev/2024/11/photo_7d48ec0959aa20536bce06a3f1183f29-38.jpg"
375,Julia,ljvap120009410,https://www.immobiliere-pujol.fr/annonces/ljvap120009410-13002-marseille-france/,"https://www.immobiliere-pujol.fr/cdn-cgi/image/width=480,quality=75,format=auto,onerror=redirect/https://pub-ffb425c962e94d71bef4d2fbce95daee.r2.dev/2024/11/photo_70a6ebb3c00003a4c35e368376589c30-9.jpg"
377,Julia,ljvap120009404,https://www.immobiliere-pujol.fr/annonces/ljvap120009404-13002-marseille-france/,"https://www.immobiliere-pujol.fr/cdn-cgi/image/width=480,quality=75,format=auto,onerror=redirect/https://pub-ffb425c962e94d71bef4d2fbce95daee.r2.dev/2024/10/photo_42b7ebea50612255641e56e052f01087-70.jpg"
378,Julia,ljvap120009401,https://www.immobiliere-pujol.fr/annonces/ljvap120009401-13008-marseille-france/,"https://www.immobiliere-pujol.fr/cdn-cgi/image/width=480,quality=75,format=auto,onerror=redirect/https://pub-ffb425c962e94d71bef4d2fbce95daee.r2.dev/2024/10/photo_8c0f51536cdf41c538b8eef415ddefa7-42.png"
380,Julia,ljvap120009398,https://www.immobiliere-pujol.fr/annonces/ljvap120009398-13008-marseille-france/,"https://www.immobiliere-pujol.fr/cdn-cgi/image/width=480,quality=75,format=auto,onerror=redirect/https://pub-ffb425c962e94d71bef4d2fbce95daee.r2.dev/2024/10/photo_ea5b40f9ec5e9484a12d578c8fe96172-66.png"
381,Julia,ljvap120009366,https://www.immobiliere-pujol.fr/annonces/ljvap120009366-13010-marseille-france/,"https://www.immobiliere-pujol.fr/cdn-cgi/image/width=480,quality=75,format=auto,onerror=redirect/https://pub-ffb425c962e94d71bef4d2fbce95daee.r2.dev/2024/10/photo_c65d2e30db659876f4d303f5465cddf3-529.jpg"
382,Julia,ljvap120009394,https://www.immobiliere-pujol.fr/annonces/ljvap120009394-13010-marseille-france/,"https://www.immobiliere-pujol.fr/cdn-cgi/image/width=480,quality=75,format=auto,onerror=redirect/https://pub-ffb425c962e94d71bef4d2fbce95daee.r2.dev/2024/09/photo_45d4b44703ecf318bb43a867d7ad36de-326.png"
383,Julia,ljvap120009389,https://www.immobiliere-pujol.fr/annonces/ljvap120009389-13008-marseille-france/,"https://www.immobiliere-pujol.fr/cdn-cgi/image/width=480,quality=75,format=auto,onerror=redirect/https://pub-ffb425c962e94d71bef4d2fbce95daee.r2.dev/2024/09/photo_f4f5d0d9ee80b9306cdb6c8d8df2c322-103.jpg"
384,Julia,ljvap120009387,https://www.immobiliere-pujol.fr/annonces/ljvap120009387-13008-marseille-france/,"https://www.immobiliere-pujol.fr/cdn-cgi/image/width=480,quality=75,format=auto,onerror=redirect/https://pub-ffb425c962e94d71bef4d2fbce95daee.r2.dev/2024/08/photo_8ef61e5605136e5d6e5d100ef6ca2792-517.jpg"
386,Julia,ljvap120009384,https://www.immobiliere-pujol.fr/annonces/ljvap120009384-13008-marseille-france/,"https://www.immobiliere-pujol.fr/cdn-cgi/image/width=480,quality=75,format=auto,onerror=redirect/https://pub-ffb425c962e94d71bef4d2fbce95daee.r2.dev/2024/08/photo_cb15343cb575e55b5bd156570423cb6d-478.jpg"
387,Julia,spvap80009379,https://www.immobiliere-pujol.fr/annonces/spvap80009379-13007-marseille-france/,"https://www.immobiliere-pujol.fr/cdn-cgi/image/width=480,quality=75,format=auto,onerror=redirect/https://pub-ffb425c962e94d71bef4d2fbce95daee.r2.dev/2024/08/photo_851b5fc61d6eb24b3f250e42dc04a5a6-143.jpg"
390,Julia,ljvap120009363,https://www.immobiliere-pujol.fr/annonces/ljvap120009363-13008-marseille-france/,"https://www.immobiliere-pujol.fr/cdn-cgi/image/width=480,quality=75,format=auto,onerror=redirect/https://pub-ffb425c962e94d71bef4d2fbce95daee.r2.dev/2024/07/photo_29ca8b3a19b9ba8116a3c370790b33fc-104.jpg"
391,Julia,ljvap120009338,https://www.immobiliere-pujol.fr/annonces/ljvap120009338-13010-marseille-france/,"https://www.immobiliere-pujol.fr/cdn-cgi/image/width=480,quality=75,format=auto,onerror=redirect/https://pub-ffb425c962e94d71bef4d2fbce95daee.r2.dev/2024/07/photo_cf57f5b88e56c540103e6cbab712f6f9-135.jpg"
392,Julia,ljvap120009360,https://www.immobiliere-pujol.fr/annonces/ljvap120009360-13010-marseille-france/,"https://www.immobiliere-pujol.fr/cdn-cgi/image/width=480,quality=75,format=auto,onerror=redirect/https://pub-ffb425c962e94d71bef4d2fbce95daee.r2.dev/2024/07/photo_0914275c9ab237b4bba4d8dfc2d36b40-8.jpg"
394,Julia,ljvap120009342,https://www.immobiliere-pujol.fr/annonces/ljvap120009342-13008-marseille-france/,"https://www.immobiliere-pujol.fr/cdn-cgi/image/width=480,quality=75,format=auto,onerror=redirect/https://pub-ffb425c962e94d71bef4d2fbce95daee.r2.dev/2024/06/photo_91d94e2b7f41998e8ed6d63bb1b17d40-103.jpg"
395,Julia,ljvap120009334,https://www.immobiliere-pujol.fr/annonces/ljvap120009334-13008-marseille-france/,"https://www.immobiliere-pujol.fr/cdn-cgi/image/width=480,quality=75,format=auto,onerror=redirect/https://pub-ffb425c962e94d71bef4d2fbce95daee.r2.dev/2024/06/photo_36364e4a5cd63424dbe77e41949e5daa-26.jpg"
396,Julia,ljvap120009336,https://www.immobiliere-pujol.fr/annonces/ljvap120009336-13008-marseille-france/,"https://www.immobiliere-pujol.fr/cdn-cgi/image/width=480,quality=75,format=auto,onerror=redirect/https://pub-ffb425c962e94d71bef4d2fbce95daee.r2.dev/2024/05/photo_4f37a1e3254a4d1d5dde42017b77e654-331.jpg"
397,Julia,ljvap120009335,https://www.immobiliere-pujol.fr/annonces/ljvap120009335-13001-marseille-france/,"https://www.immobiliere-pujol.fr/cdn-cgi/image/width=480,quality=75,format=auto,onerror=redirect/https://pub-ffb425c962e94d71bef4d2fbce95daee.r2.dev/2024/05/photo_befc93b99c4c7e197baf5f85f45b443b-1.jpg"
398,Julia,ljvap120009323,https://www.immobiliere-pujol.fr/annonces/ljvap120009323-13010-marseille-france/,"https://www.immobiliere-pujol.fr/cdn-cgi/image/width=480,quality=75,format=auto,onerror=redirect/https://pub-ffb425c962e94d71bef4d2fbce95daee.r2.dev/2024/04/photo_5cc6ebec733c857864b82cdb765f47ab-220.jpg"
400,Julia,spvap80009302,https://www.immobiliere-pujol.fr/annonces/spvap80009302-13007-marseille-france/,"https://www.immobiliere-pujol.fr/cdn-cgi/image/width=480,quality=75,format=auto,onerror=redirect/https://pub-ffb425c962e94d71bef4d2fbce95daee.r2.dev/2024/03/photo_42dfa20022719a4e9b6cba440e2a5fc9-68.jpg"
401,Julia,ljvap120009300,https://www.immobiliere-pujol.fr/annonces/ljvap120009300-13008-marseille-france/,"https://www.immobiliere-pujol.fr/cdn-cgi/image/width=480,quality=75,format=auto,onerror=redirect/https://pub-ffb425c962e94d71bef4d2fbce95daee.r2.dev/2024/02/photo_9a96380e09d1614f8e70cc48c9872006-178.jpg"
402,Julia,ljvap120009290,https://www.immobiliere-pujol.fr/annonces/ljvap120009290-13010-marseille-france/,"https://www.immobiliere-pujol.fr/cdn-cgi/image/width=480,quality=75,format=auto,onerror=redirect/https://pub-ffb425c962e94d71bef4d2fbce95daee.r2.dev/2024/01/photo_5685da6063ecd4ab0b86d7148b4e9063-21.jpg"
403,Julia,spvap80009270,https://www.immobiliere-pujol.fr/annonces/spvap80009270-13008-marseille-france/,"https://www.immobiliere-pujol.fr/cdn-cgi/image/width=480,quality=75,format=auto,onerror=redirect/https://pub-ffb425c962e94d71bef4d2fbce95daee.r2.dev/2023/12/photo_6ab59efa70c6ad3d035a6e3d5c6c8e86-67.jpg"
404,Julia,spvap80009235,https://www.immobiliere-pujol.fr/annonces/spvap80009235-marseille-france/,"https://www.immobiliere-pujol.fr/cdn-cgi/image/width=480,quality=75,format=auto,onerror=redirect/https://pub-ffb425c962e94d71bef4d2fbce95daee.r2.dev/2023/11/photo_6d691a3b36196f69347a37d69fe1f3fa-118.jpg"
405,Julia,spvap80009233,https://www.immobiliere-pujol.fr/annonces/spvap80009233-marseille-france/,"https://www.immobiliere-pujol.fr/cdn-cgi/image/width=480,quality=75,format=auto,onerror=redirect/https://pub-ffb425c962e94d71bef4d2fbce95daee.r2.dev/2023/11/photo_91f2e9098bb6a64e87a31b5cb9e7e904-6.jpg"
406,Julia,spvap80009207,https://www.immobiliere-pujol.fr/annonces/spvap80009207-marseille-france/,"https://www.immobiliere-pujol.fr/cdn-cgi/image/width=480,quality=75,format=auto,onerror=redirect/https://pub-ffb425c962e94d71bef4d2fbce95daee.r2.dev/2023/11/photo_45ffee00fe1fa246b9c43337f445e809-67.jpg"
407,Julia,cavap90009054,https://www.immobiliere-pujol.fr/annonces/cavap90009054-13008-marseille-france/,"https://www.immobiliere-pujol.fr/cdn-cgi/image/width=480,quality=75,format=auto,onerror=redirect/https://pub-ffb425c962e94d71bef4d2fbce95daee.r2.dev/2023/10/photo_975a310c4ccc6ba5cd726086a3436d7b-84.jpg"
408,Julia,spvap80008817,https://www.immobiliere-pujol.fr/annonces/spvap80008817-13010-marseille-france/,"https://www.immobiliere-pujol.fr/cdn-cgi/image/width=480,quality=75,format=auto,onerror=redirect/https://pub-ffb425c962e94d71bef4d2fbce95daee.r2.dev/2023/08/photo_00c1ef6dbaf09950c2d3597253cc4972-20.jpg"
410,Julia,cavap90008765,https://www.immobiliere-pujol.fr/annonces/cavap90008765-13008-marseille-france/,"https://www.immobiliere-pujol.fr/cdn-cgi/image/width=480,quality=75,format=auto,onerror=redirect/https://pub-ffb425c962e94d71bef4d2fbce95daee.r2.dev/2023/06/photo_854a6b3dc2feb7e19aa310873dbc2463-21.jpg"
411,Julia,spvap80008500,https://www.immobiliere-pujol.fr/annonces/spvap80008500-13005-marseille-france/,"https://www.immobiliere-pujol.fr/cdn-cgi/image/width=480,quality=75,format=auto,onerror=redirect/https://pub-ffb425c962e94d71bef4d2fbce95daee.r2.dev/2023/04/photo_3ee21809e3c72ea5fdf068f3f7372d95-6.jpg"
415,Julia,spvap80008197,https://www.immobiliere-pujol.fr/annonces/spvap80008197-13007-marseille-france/,"https://www.immobiliere-pujol.fr/cdn-cgi/image/width=480,quality=75,format=auto,onerror=redirect/https://pub-ffb425c962e94d71bef4d2fbce95daee.r2.dev/2023/02/photo_4e2a97357fb44f49afe8bcb60d7cc6f8-48.jpg"
416,Julia,spvap80007961,https://www.immobiliere-pujol.fr/annonces/spvap80007961-13010-marseille-france/,"https://www.immobiliere-pujol.fr/cdn-cgi/image/width=480,quality=75,format=auto,onerror=redirect/https://pub-ffb425c962e94d71bef4d2fbce95daee.r2.dev/2022/12/photo_60f5b41faf242927977f477287e84254-102.jpg"
425,Julia,spvap80006887,https://www.immobiliere-pujol.fr/annonces/spvap80006887-13010-marseille-france/,"https://www.immobiliere-pujol.fr/cdn-cgi/image/width=480,quality=75,format=auto,onerror=redirect/https://pub-ffb425c962e94d71bef4d2fbce95daee.r2.dev/2022/02/photo_a22b3bc59d3b34fadc076755bc3bce69-6.jpg"
438,Julia,pvvap60004159,https://www.immobiliere-pujol.fr/annonces/pvvap60004159-la-timone-13010-marseille-france/,"https://www.immobiliere-pujol.fr/cdn-cgi/image/width=480,quality=75,format=auto,onerror=redirect/https://pub-ffb425c962e94d71bef4d2fbce95daee.r2.dev/2020/01/photo_21f96c06dd0ad3ff747cbc66809d2e10-6.jpg"
451,Julia,ljvap120009468,https://www.immobiliere-pujol.fr/annonces/ljvap120009468-13010-marseille-france/,"https://www.immobiliere-pujol.fr/cdn-cgi/image/width=480,quality=75,format=auto,onerror=redirect/https://pub-ffb425c962e94d71bef4d2fbce95daee.r2.dev/2025/03/photo_c9dc64c5b52c5b6c3ca24a86763d2b4f-244.png"
452,Julia,ljvap120009374,https://www.immobiliere-pujol.fr/annonces/ljvap120009374-13001-marseille-france/,"https://www.immobiliere-pujol.fr/cdn-cgi/image/width=480,quality=75,format=auto,onerror=redirect/https://pub-ffb425c962e94d71bef4d2fbce95daee.r2.dev/2024/08/photo_432ce9d3b9cb27b91c4f9cb1e104028b-2.jpg"
454,Julia,spvap80009329,https://www.immobiliere-pujol.fr/annonces/spvap80009329-13010-marseille-france/,"https://www.immobiliere-pujol.fr/cdn-cgi/image/width=480,quality=75,format=auto,onerror=redirect/https://pub-ffb425c962e94d71bef4d2fbce95daee.r2.dev/2024/05/photo_fab413be8d462bb0b1a4f4ed0727c89a-16.jpg"
456,Julia,spvap80009284,https://www.immobiliere-pujol.fr/annonces/spvap80009284-13007-marseille-france/,"https://www.immobiliere-pujol.fr/cdn-cgi/image/width=480,quality=75,format=auto,onerror=redirect/https://pub-ffb425c962e94d71bef4d2fbce95daee.r2.dev/2024/01/photo_9510d5939bd35fbd7d6ad2bd68a1d86e-273.jpg"
457,Julia,spvap80009276,https://www.immobiliere-pujol.fr/annonces/spvap80009276-13010-marseille-france/,"https://www.immobiliere-pujol.fr/cdn-cgi/image/width=480,quality=75,format=auto,onerror=redirect/https://pub-ffb425c962e94d71bef4d2fbce95daee.r2.dev/2023/12/photo_01f5e4d63a951f0c80a6634fb725e0be-67.jpg"
458,Julia,cavap90008920,https://www.immobiliere-pujol.fr/annonces/cavap90008920-13002-marseille-france/,"https://www.immobiliere-pujol.fr/cdn-cgi/image/width=480,quality=75,format=auto,onerror=redirect/https://pub-ffb425c962e94d71bef4d2fbce95daee.r2.dev/2023/08/photo_650585f0556e122de1ae85d746a5d0cf-196.jpg"
